houde_id, simulated_house, real_coord_x, real_coord_y, real_address, sigungu_cd, bjdong_cd, bun, ji
YC-001, H1, 35.9928533, 128.8980133, 경상북도 영천시 청통면 호당리 596, 47230, 31021, 0596, 0000
YC-002, H2, 36.0073320, 128.9884289, 경상북도 영천시 임고면 우항리 381-1, 47230, 37031, 0381, 0001
YC-003, H3, 36.0012375, 128.9156508, 경상북도 영천시 녹전동 304, 47230, 12100, 0304, 0000
YC-004, H4, 36.0180811, 128.9189766, 경상북도 영천시 매산동 736-1, 47230, 12700, 0736, 0001
YC-005, H5, 35.9643883, 128.9397940, 경상북도 영천시 완산동 974-33, 47230, 11300, 0974, 0033
YC-006, H6, 35.9763562, 128.9457755, 경상북도 영천시 야사동 117-6, 47230, 10300, 0117, 0006
